#,"Country,Other",TotalCases,NewCases,TotalDeaths,NewDeaths,TotalRecovered,NewRecovered,ActiveCases,"Serious,Critical",Tot Cases/1M pop,Deaths/1M pop,TotalTests,Tests/,1M pop,,Population,Continent,1 Caseevery X ppl1 Deathevery X ppl1 Testevery X ppl,New Cases/1M pop,New Deaths/1M pop,Active Cases/1M pop,
1,USA,"99,647,812",,"1,098,235 ",,"97,206,960",,"1,342,617","2,605","297,228","3,276","1,132,266,165","3,377,308","335,257,001 ",North America,33050,,,"4,005",
2,India,"44,661,516",,"530,509 ",,"44,116,492",,"14,515",698,"31,635",376,"901,728,285","638,712","1,411,792,127 ",Asia,"322,6612",,,10,
3,France,"36,946,904",,"157,277 ",,"36,110,751","+9,421","678,876",869,"563,114","2,397","271,490,188","4,137,828","65,611,757 ",Europe,24170,,,"10,347",
4,Germany,"35,823,771",,"154,535 ",,"34,509,500","+119,900","1,159,736","1,406","424,395","1,831","122,332,384","1,449,241","84,411,371 ",Europe,25461,,,"13,739",
5,Brazil,"34,892,871",,"688,425 ",,"34,067,695",,"136,751","8,318","161,467","3,186","63,776,166","295,125","216,098,975 ",South America,63143,,,633,
6,S. Korea,"25,856,910","+18,671","29,390 ",+18,"25,190,174","+25,351","637,346",365,"503,322",572,"15,804,065","307,637","51,372,504 ",Asia,"21,7483",363,0.4,"12,406",
7,UK,"23,930,041",,"194,704 ",,"23,593,475","+10,486","141,862",146,"348,219","2,833","522,526,476","7,603,559","68,721,299 ",Europe,33530,,,"2,064",
8,Italy,"23,642,011",,"179,436 ",,"23,037,464",,"425,111",238,"392,375","2,978","253,427,252","4,206,004","60,253,681 ",Europe,33360,,,"7,055",
9,Japan,"22,706,566","+31,622","47,069 ",+42,"20,524,855","+4,161","2,134,642",174,"180,828",375,"78,307,523","623,616","125,570,123 ",Asia,"62,6682",252,0.3,"17,000",
10,Russia,"21,468,271","+4,421","390,649 ",+61,"20,860,277","+4,944","217,345","2,300","146,961","2,674","273,400,000","1,871,565","146,080,985 ",Europe,73741,30,0.4,"1,488",
11,Turkey,"16,919,638",,"101,203 ",,"16,818,435",,0,,"195,681","1,170","162,743,369","1,882,179","86,465,414 ",Asia,58541,,,,
12,Spain,"13,529,643",,"115,239 ",,"13,313,832",,"100,572",339,"289,112","2,463","471,036,328","10,065,485","46,797,182 ",Europe,34060,,,"2,149",
13,Vietnam,"11,505,849",,"43,166 ",,"10,604,663",,"858,020",54,"115,764",434,"85,826,548","863,529","99,390,446 ",Asia,"92,3031",,,"8,633",
14,Australia,"10,420,857","+1,871","15,786 ",,"10,364,130",,"40,941",46,"397,847",603,"78,835,048","3,009,761","26,193,126 ",Australia/Oceania,"31,6590",71,,"1,563",
15,Argentina,"9,720,232",,"130,003 ",,"9,585,193",,"5,036",246,"210,543","2,816","35,716,069","773,621","46,167,411 ",South America,53551,,,109,
16,Netherlands,"8,521,729",,"22,845 ",,"8,430,109","+3,761","68,775",49,"494,769","1,326","21,107,399","1,225,489","17,223,659 ",Europe,27541,,,"3,993",
17,Taiwan,"7,904,094","+16,561","13,232 ",+34,"7,244,362","+44,805","646,500",,"330,470",553,"27,950,352","1,168,604","23,917,723 ",Asia,"31,8081",692,1,"27,030",
18,Iran,"7,558,142",,"144,596 ",,"7,332,962",,"80,584",95,"87,365","1,671","54,358,591","628,335","86,512,053 ",Asia,115982,,,931,
19,Mexico,"7,113,132",,"330,415 ",,"6,385,797",,"396,920","4,798","53,844","2,501","18,600,671","140,800","132,106,602 ",North America,194007,,,"3,005",
20,Indonesia,"6,521,292",,"158,829 ",,"6,325,415",,"37,048","2,771","23,265",567,"110,783,338","395,231","280,300,322 ",Asia,"431,7653",,,132,
21,Poland,"6,343,905",+130,"118,170 ",,"5,335,940",,"889,795","1,530","168,052","3,130","37,673,040","997,973","37,749,563 ",Europe,63191,3,,"23,571",
22,Colombia,"6,310,332",,"141,850 ",,"6,138,353",,"30,129",342,"120,995","2,720","36,760,659","704,854","52,153,596 ",South America,83681,,,578,
23,Portugal,"5,525,459",,"25,290 ",,"5,478,398",,"21,771",61,"545,611","2,497","45,059,939","4,449,436","10,127,112 ",Europe,24000,,,"2,150",
24,Austria,"5,466,250",,"21,037 ",,"5,398,603",,"46,610",47,"598,925","2,305","200,577,983","21,976,886","9,126,770 ",Europe,24340,,,"5,107",
25,Ukraine,"5,312,632",,"110,186 ",,"5,163,430","+2,864","39,016",,"123,209","2,555","32,603,805","756,138","43,118,872 ",Europe,83911,,,905,
26,Greece,"5,188,890",,"33,750 ",,"5,116,790","+7,670","38,350",115,"503,585","3,275","97,554,770","9,467,758","10,303,894 ",Europe,23050,,,"3,722",
27,Malaysia,"4,927,451",,"36,487  ",,"4,854,248",,"36,716",67,"147,804","1,094","65,637,291","1,968,861","33,337,690 ",Asia,79141,,,"1,101",
28,Chile,"4,793,902",,"61,813 ",,"4,712,080",,"20,009",117,"245,833","3,170","46,334,009","2,376,026","19,500,630 ",South America,43150,,,"1,026",
29,DPRK,"4,772,813",,74 ,,"4,772,739",,0,,"183,264",3,,,"26,043,425 ",Asia,"5351,938",,,,
30,Thailand,"4,695,207",+144,"32,995 ",+5,"4,649,509",,"12,703","1,496","66,874",470,"17,270,775","245,987","70,210,154 ",Asia,"152,1284",2,0.07,181,
31,Israel,"4,689,161",,"11,767 ",,"4,670,563",,"6,831",24,"502,805","1,262","41,373,364","4,436,346","9,326,000 ",Asia,27930,,,732,
32,Belgium,"4,617,315",,"32,941 ",,"4,535,594","+2,328","48,780",55,"394,381","2,814","35,962,048","3,071,642","11,707,760 ",Europe,33550,,,"4,166",
33,Canada,"4,336,860",,"46,389 ",,"4,230,896","+3,197","59,575",99,"112,595","1,204","65,722,182","1,706,298","38,517,421 ",North America,98301,,,"1,547",
34,Switzerland,"4,211,438",,"14,255 ",,"4,113,950","+5,590","83,233",73,"478,415","1,619","22,653,313","2,573,395","8,802,890 ",Europe,26180,,,"9,455",
35,Czechia,"4,161,797",+85,"41,660 ",+3,"4,116,248",+812,"3,889",23,"386,946","3,873","56,505,785","5,253,661","10,755,506 ",Europe,32580,8,0.3,362,
36,Peru,"4,161,617",,"217,080 ",,"3,935,735",+217,"8,802",37,"122,227","6,376","35,844,165","1,052,750","34,048,134 ",South America,81571,,,259,
37,South Africa,"4,029,942",,"102,363 ",,"3,912,506",,"15,073",192,"65,999","1,676","26,473,049","433,552","61,060,846 ",Africa,155972,,,247,
38,Philippines,"4,009,466",,"64,274 ",,"3,928,577",,"16,615",353,"35,482",569,"33,323,944","294,906","112,998,694 ",Asia,"281,7583",,,147,
39,Romania,"3,289,184",,"67,213 ",,"3,215,934",,"6,037",90,"173,687","3,549","25,529,132","1,348,082","18,937,377 ",Europe,62821,,,319,
40,Denmark,"3,138,750",,"7,387 ",,"3,123,762",,"7,601",1,"537,460","1,265","128,667,520","22,032,208","5,839,974 ",Europe,27910,,,"1,302",
41,Sweden,"2,614,997",,"20,721 ",,"2,581,691",+601,"12,585",17,"255,202","2,022","19,071,994","1,861,267","10,246,778 ",Europe,44951,,,"1,228",
42,Iraq,"2,461,484",,"25,358 ",,"2,435,765",,361,21,"58,139",599,"19,377,732","457,691","42,338,063 ",Asia,"171,6702",,,9,
43,Serbia,"2,408,606",,"17,283 ",,"2,375,462",,"15,861",21,"278,291","1,997","11,422,856","1,319,800","8,654,993 ",Europe,45011,,,"1,833",
44,Hungary,"2,141,513",,"47,938 ",,"2,061,999",,"31,576",25,"223,006","4,992","11,394,556","1,186,571","9,602,928 ",Europe,42001,,,"3,288",
45,Singapore,"2,123,328",,"1,687 ",,"2,043,021",,"78,620",15,"356,375",283,"24,622,510","4,132,590","5,958,130 ",Asia,"33,5320",,,"13,195",
46,Bangladesh,"2,035,828",,"29,426 ",,"1,982,542",,"23,860","1,331","12,080",175,"15,018,835","89,115","168,533,554 ",Asia,"835,72711",,,142,
47,Hong Kong,"1,947,695",,"10,470  ",,"1,758,841",,"178,384",9,"254,952","1,371","66,284,763","8,676,617","7,639,471 ",Asia,47300,,,"23,350",
48,New Zealand,"1,872,459","+2,967","3,144 ",+5,"1,849,572","+2,928","19,743",,"374,335",629,"7,544,063","1,508,179","5,002,100 ",Australia/Oceania,"31,5911",593,1.0,"3,947",
49,Slovakia,"1,853,573",+24,"20,641 ",+6,"1,830,677",+23,"2,255",32,"339,120","3,776","7,337,829","1,342,490","5,465,834 ",Europe,32651,4,1,413,
50,Georgia,"1,785,138",,"16,912 ",,"1,637,293",,"130,933",,"449,516","4,259","16,920,079","4,260,653","3,971,241 ",Asia,22350,,,"32,970",
51,Jordan,"1,746,997",,"14,122 ",,"1,731,007",,"1,868",59,"167,330","1,353","17,201,885","1,647,619","10,440,450 ",Asia,67391,,,179,
52,Ireland,"1,673,681",,"8,028 ",,"1,659,358",+390,"6,295",17,"330,309","1,584","12,789,806","2,524,127","5,067,021 ",Europe,36310,,,"1,242",
53,Pakistan,"1,574,407",+48,"30,627 ",,"1,538,689",,"5,091",49,"6,817",133,"30,570,862","132,373","230,944,730 ",Asia,"1477,5418",0.2,,22,
54,Norway,"1,465,631",,"4,238 ",,"1,459,689",,"1,704",20,"265,486",768,"11,002,430","1,992,996","5,520,549 ",Europe,"41,3031",,,309,
55,Kazakhstan,"1,395,000",+20,"13,692 ",,"1,380,356",,952,24,"72,269",709,"11,575,012","599,650","19,302,962 ",Asia,"141,4102",1,,49,
56,Finland,"1,360,721",,"6,741 ",,"1,319,910","+2,153","34,070",21,"244,695","1,212","11,684,973","2,101,283","5,560,876 ",Europe,48250,,,"6,127",
57,Bulgaria,"1,281,252",,"37,920 ",,"1,233,734",,"9,598",60,"187,700","5,555","10,729,979","1,571,916","6,826,051 ",Europe,51801,,,"1,406",
58,Lithuania,"1,269,806",+26,"9,401 ",+1,"1,253,465","+1,163","6,940",7,"482,181","3,570","10,230,481","3,884,804","2,633,461 ",Europe,22800,10,0.4,"2,635",
59,Morocco,"1,265,998",,"16,282 ",,"1,249,284",,432,293,"33,372",429,"12,682,308","334,311","37,935,659 ",Africa,"302,3303",,,11,
60,Croatia,"1,248,609",,"17,191 ",,"1,229,414",,"2,004",12,"308,602","4,249","5,318,165","1,314,419","4,046,021 ",Europe,32351,,,495,
61,Slovenia,"1,237,884",,"6,893 ",,"1,218,873",,"12,118",17,"595,249","3,315","2,770,312","1,332,132","2,079,607 ",Europe,23021,,,"5,827",
62,Lebanon,"1,219,141",,"10,713 ",,"1,087,587",,"120,841",74,"180,509","1,586","4,795,578","710,045","6,753,904 ",Asia,66301,,,"17,892",
63,Tunisia,"1,146,593",,"29,259 ",,N/A,N/A,N/A,101,"94,694","2,416","4,966,900","410,204","12,108,366 ",Africa,114142,,,606,
64,Guatemala,"1,142,521",,"19,906 ",,"1,121,501",,"1,114",5,"61,123","1,065","6,129,868","327,936","18,692,261 ",North America,169393,,,60,
65,Costa Rica,"1,138,416",,"9,009 ",,"860,711",,"268,696",52,"218,796","1,731","4,659,757","895,573","5,203,100 ",North America,55781,,,"51,642",
66,Cuba,"1,111,296",,"8,530 ",,"1,102,695",,71,23,"98,254",754,"14,184,566","1,254,114","11,310,429 ",North America,"101,3261",,,6,
67,Bolivia,"1,109,613",+12,"22,240 ",,"1,071,518",+530,"15,855",220,"92,114","1,846","2,705,422","224,588","12,046,138 ",South America,115424,1.0,,"1,316",
68,UAE,"1,039,353",,"2,348 ",,"1,018,408",,"18,597",,"102,194",231,"196,040,930","19,275,634","10,170,401 ",Asia,"104,3320",,,"1,829",
69,Ecuador,"1,009,044",,"35,934 ",,"971,619",+631,"1,491",759,"55,227","1,967","3,082,403","168,706","18,270,867 ",South America,185086,,,82,
70,Nepal,"1,000,734",,"12,019 ",,"988,145",,570,,"32,957",396,"5,962,970","196,377","30,364,978 ",Asia,"302,5265",,,19,
71,Belarus,"994,037",,"7,118 ",,"985,592",,"1,327",,"105,278",754,"13,646,641","1,445,306","9,442,045 ",Europe,"91,3271",,,141,
72,Uruguay,"990,560",,"7,518 ",,"982,103",,939,18,"282,862","2,147","6,114,822","1,746,132","3,501,925 ",South America,44661,,,268,
73,Panama,"990,413",,"8,509 ",,"980,898",,"1,006",16,"221,374","1,902","7,164,655","1,601,420","4,473,939 ",North America,55261,,,225,
74,Mongolia,"985,445",,"2,179 ",,"982,074",,"1,192",192,"289,666",641,"4,030,048","1,184,609","3,402,008 ",Asia,"31,5611",,,350,
75,Latvia,"954,953",+77,"6,064 ",,"942,570","+1,070","6,319",3,"519,726","3,300","7,746,372","4,215,903","1,837,417 ",Europe,23030,42,,"3,439",
76,Saudi Arabia,"823,624",,"9,418 ",,"809,961",,"4,245",77,"22,825",261,"44,665,757","1,237,813","36,084,417 ",Asia,"443,8311",,,118,
77,Azerbaijan,"823,533",,"9,957 ",,"813,289",,287,,"79,543",962,"7,333,142","708,291","10,353,285 ",Asia,"131,0401",,,28,
78,Paraguay,"717,980",,"19,606 ",,"698,317",,57,7,"97,846","2,672","2,657,506","362,165","7,337,829 ",South America,103743,,,8,
79,Bahrain,"691,760",,"1,529 ",,"688,084",,"2,147",3,"375,903",831,"10,511,697","5,712,062","1,840,263 ",Asia,"31,2040",,,"1,167",
80,Sri Lanka,"671,328",,"16,782 ",,"654,440",,106,,"31,046",776,"6,486,117","299,956","21,623,536 ",Asia,"321,2883",,,5,
81,Kuwait,"662,073",,"2,568 ",,"659,017",,488,3,"149,839",581,"8,416,379","1,904,774","4,418,572 ",Asia,"71,7211",,,110,
82,Dominican Republic,"647,205",,"4,384 ",,"642,571",,250,4,"58,292",395,"3,657,057","329,382","11,102,781 ",North America,"172,5333",,,23,
83,Myanmar,"632,274",,"19,485 ",,"606,485",,"6,304",,"11,441",353,"9,467,794","171,319","55,264,246 ",Asia,"872,8366",,,114,
84,Palestine,"620,816",,"5,404 ",,"614,962",,450,17,"115,407","1,005","3,078,533","572,284","5,379,379 ",Asia,99952,,,84,
85,Estonia,"607,230",,"2,748 ",,"524,990",,"79,492",6,"457,037","2,068","3,579,101","2,693,840","1,328,624 ",Europe,24830,,,"59,830",
86,Cyprus,"602,662",,"1,200 ",,"592,342",,"9,120",60,"490,788",977,"9,640,118","7,850,591","1,227,948 ",Asia,"21,0230",,,"7,427",
87,Moldova,"593,816",,"11,894 ",,"504,142",,"77,780",49,"148,009","2,965","3,216,305","801,668","4,012,015 ",Europe,73371,,,"19,387",
88,Venezuela,"546,110",,"5,823 ",,"539,678",,609,36,"19,333",206,"3,359,014","118,914","28,247,333 ",South America,"524,8518",,,22,
89,Egypt,"515,645",,"24,613 ",,"442,182",,"48,850",122,"4,826",230,"3,693,367","34,563","106,857,933 ",Africa,"2074,34229",,,457,
90,Libya,"507,051",,"6,437 ",,"500,571",,43,,"71,514",908,"2,483,005","350,200","7,090,240 ",Africa,"141,1013",,,6,
91,Ethiopia,"494,042",,"7,572 ",,"472,146",,"14,324",,"4,062",62,"5,325,981","43,785","121,638,612 ",Africa,"24616,06423",,,118,
92,Réunion,"474,111",,899 ,,"418,572",,"54,640",10,"520,841",988,"1,603,660","1,761,722","910,280 ",Africa,"21,0131",,,"60,025",
93,Qatar,"471,816",+459,684 ,,"469,551",+332,"1,581",2,"168,037",244,"4,052,915","1,443,446","2,807,805 ",Asia,"64,1051",163,,563,
94,Honduras,"457,196",,"11,039 ",,N/A,N/A,N/A,105,"44,501","1,074","1,549,348","150,806","10,273,768 ",North America,229317,,,"30,526",
95,Armenia,"445,242",,"8,709 ",,"434,288",,"2,245",,"149,600","2,926","3,228,468","1,084,757","2,976,213 ",Asia,73421,,,754,
96,Bosnia and Herzegovina,"400,043",,"16,180 ",,"377,828",,"6,035",,"123,735","5,005","1,875,348","580,053","3,233,062 ",Europe,82002,,,"1,867",
97,Oman,"398,775",,"4,260 ",,"384,669",,"9,846",2,"73,696",787,"25,000,000","4,620,164","5,411,063 ",Asia,"141,2700",,,"1,820",
98,North Macedonia,"344,146",,"9,564 ",,"334,335",,247,,"165,203","4,591","2,141,032","1,027,774","2,083,174 ",Europe,62181,,,119,
99,Kenya,"339,756",,"5,678 ",,"333,292",,786,1,"6,008",100,"3,924,412","69,400","56,547,434 ",Africa,"1669,95914",,,14,
100,Zambia,"333,685",,"4,017 ",,"329,652",,16,,"17,033",205,"3,750,980","191,465","19,590,920 ",Africa,"594,8775",,,0.8,
101,Albania,"333,055",,"3,592 ",,"327,864",,"1,599",,"116,029","1,251","1,941,032","676,214","2,870,440 ",Europe,97991,,,557,
102,Botswana,"326,344",,"2,790 ",,"322,955",,599,1,"132,503","1,133","2,026,898","822,968","2,462,912 ",Africa,88831,,,243,
103,Luxembourg,"297,757",,"1,133 ",,"288,991",,"7,633",,"458,198","1,743","4,412,567","6,790,194","649,844 ",Europe,25740,,,"11,746",
104,Montenegro,"283,089",,"2,787 ",,"279,887",,415,6,"450,598","4,436","2,651,778","4,220,883","628,252 ",Europe,22250,,,661,
105,Algeria,"270,873",,"6,881 ",,"182,442",,"81,550",,"5,926",151,"230,861","5,051","45,706,789 ",Africa,"1696,642198",,,"1,784",
106,Nigeria,"266,192",,"3,155 ",,"259,532",,"3,505",11,"1,220",14,"5,441,162","24,946","218,115,730 ",Africa,"81969,13340",,,16,
107,Zimbabwe,"257,893",,"5,606 ",,"251,904",,383,12,"16,779",365,"2,525,756","164,331","15,369,936 ",Africa,"602,7426",,,25,
108,Uzbekistan,"244,739",,"1,637 ",,"241,486",,"1,616",23,"7,072",47,"1,377,915","39,817","34,605,862 ",Asia,"14121,14025",,,47,
109,Brunei ,"241,044",,225 ,,"222,140",,"18,679",3,"538,895",503,"717,784","1,604,729","447,293 ",Asia,"21,9881",,,"41,760",
110,Mozambique,"230,475",,"2,224 ",,"228,176",,75,11,"6,919",67,"1,371,127","41,165","33,308,243 ",Africa,"14514,97724",,,2,
111,Martinique,"223,728",,"1,047 ",,N/A,N/A,N/A,8,"597,271","2,795","828,928","2,212,930","374,584 ",North America,23580,,,"594,198",
112,Laos,"216,286",+5,758 ,,N/A,N/A,N/A,,"28,750",101,"1,233,207","163,926","7,522,959 ",Asia,"359,9256",0.7,,"27,631",
113,Iceland,"206,571",,219 ,,N/A,N/A,N/A,2,"596,283",632,"1,996,384","5,762,718","346,431 ",Europe,"21,5820",,,"377,180",
114,Kyrgyzstan,"206,452",,"2,991 ",,"196,406",,"7,055",131,"30,466",441,"1,907,195","281,445","6,776,446 ",Asia,"332,2664",,,"1,041",
115,Afghanistan,"203,681",,"7,826 ",,"180,938",,"14,917","1,124","4,970",191,"1,138,780","27,786","40,983,251 ",Asia,"2015,23736",,,364,
116,El Salvador,"201,785",,"4,230 ",,"179,410",,"18,145",8,"30,746",645,"2,610,114","397,710","6,562,863 ",North America,"331,5523",,,"2,765",
117,Guadeloupe,"196,270",,993 ,,N/A,N/A,N/A,19,"490,327","2,481","938,039","2,343,434","400,284 ",North America,24030,,,"482,225",
118,Maldives,"185,364",,308 ,,"163,687",,"21,369",25,"329,328",547,"2,213,831","3,933,217","562,855 ",Asia,"31,8270",,,"37,965",
119,Trinidad and Tobago,"184,854",,"4,255 ",,"180,224",,375,8,"131,093","3,018","856,673","607,526","1,410,102 ",North America,83312,,,266,
120,Ghana,"170,894",,"1,460  ",,"169,218",,216,2,"5,243",45,"2,518,296","77,265","32,593,149 ",Africa,"19122,32413",,,7,
121,Namibia,"169,946",,"4,080 ",,"165,826",,40,,"64,161","1,540","1,062,663","401,195","2,648,747 ",Africa,166492,,,15,
122,Uganda,"169,473",,"3,630 ",,"100,431",,"65,412",3,"3,450",74,"3,012,408","61,318","49,127,821 ",Africa,"29013,53416",,,"1,331",
123,Jamaica,"151,931",,"3,320 ",,"99,392",,"49,219",,"50,789","1,110","1,183,986","395,791","2,991,439 ",North America,209013,,,"16,453",
124,Cambodia,"137,996",,"3,056 ",,"134,934",,6,,"7,995",177,"3,091,420","179,097","17,261,159 ",Asia,"1255,6486",,,0.3,
125,Rwanda,"132,584",,"1,467 ",,"131,061",,56,,"9,674",107,"5,841,019","426,202","13,704,817 ",Africa,"1039,3422",,,4,
126,Cameroon,"123,629",,"1,960 ",,"118,616",,"3,053",13,"4,400",70,"1,751,774","62,352","28,094,778 ",Africa,"22714,33416",,,109,
127,Malta,"115,469",,808 ,,"113,974",,687,4,"259,891","1,819","2,080,383","4,682,415","444,297 ",Europe,45500,,,"1,546",
128,Angola,"103,131",,"1,917 ",,"101,155",,59,,"2,925",54,"1,499,795","42,531","35,263,215 ",Africa,"34218,39524",,,2,
129,Barbados,"103,014",,560 ,,"102,024",,430,,"357,441","1,943","770,100","2,672,112","288,199 ",North America,35150,,,"1,492",
130,Channel Islands,"94,480",,205 ,,"93,703",,572,,"531,931","1,154","1,252,808","7,053,424","177,617 ",Europe,28660,,,"3,220",
131,French Guiana,"94,259",,411 ,,"11,254",,"82,594",2,"297,507","1,297","651,257","2,055,541","316,830 ",South America,37710,,,"260,689",
132,DRC,"93,219",,"1,445 ",,"83,560",,"8,214",,972,15,"846,704","8,825","95,944,984 ",Africa,"1,02966,398113",,,86,
133,Senegal,"88,679",,"1,968 ",,"86,609",,102,,"4,988",111,"1,146,543","64,491","17,778,257 ",Africa,"2009,03416",,,6,
134,Malawi,"88,073",,"2,683 ",,"84,974",,416,67,"4,341",132,"619,708","30,544","20,288,703 ",Africa,"2307,56233",,,21,
135,Ivory Coast,"87,830",,829 ,,"86,970",,31,,"3,147",30,"1,644,475","58,922","27,909,402 ",Africa,"31833,66617",,,1,
136,Suriname,"81,228",,"1,392 ",,N/A,N/A,N/A,,"135,618","2,324","239,603","400,041","598,946 ",South America,74302,,,"50,402",
137,French Polynesia,"76,764",,649 ,,N/A,N/A,N/A,7,"269,620","2,279",,,"284,712 ",Australia/Oceania,4439,,,"149,678",
138,New Caledonia,"74,440",,314 ,,"73,959",,167,9,"254,994","1,076","98,964","339,001","291,928 ",Australia/Oceania,49303,,,572,
139,Eswatini,"73,558",,"1,422 ",,"72,088",,48,,"61,901","1,197","1,045,903","880,162","1,188,308 ",Africa,168361,,,40,
140,Guyana,"71,447",,"1,281 ",,"70,149",,17,,"89,821","1,610","702,591","883,271","795,442 ",South America,116211,,,21,
141,Belize,"68,957",,687 ,,"68,246",,24,6,"166,344","1,657","576,016","1,389,514","414,545 ",North America,66031,,,58,
142,Fiji,"68,270",,878 ,,"66,327",,"1,065",,"74,885",963,"664,357","728,732","911,662 ",Australia/Oceania,"131,0381",,,"1,168",
143,Madagascar,"66,788",,"1,411 ",,"65,297",,80,,"2,275",48,"515,324","17,552","29,359,732 ",Africa,"44020,80857",,,3,
144,Sudan,"63,509",,"4,972 ",,"57,724",+72,813,,"1,373",108,"562,941","12,172","46,249,007 ",Africa,"7289,30282",,,18,
145,Mauritania,"63,399",,997 ,,"62,335",,67,,"12,844",202,"999,681","202,522","4,936,152 ",Africa,"784,9515",,,14,
146,Cabo Verde,"62,561",,410 ,,"62,008",,143,23,"109,730",719,"401,622","704,432","570,136 ",Africa,"91,3911",,,251,
147,Bhutan,"62,380",,21 ,,"61,564",,795,,"78,811",27,"2,303,734","2,910,537","791,515 ",Asia,"1337,6910",,,"1,004",
148,Syria,"57,367",,"3,163 ",,"54,195",,9,,"3,101",171,"146,269","7,908","18,497,169 ",Asia,"3225,848126",,,0.5,
149,Burundi,"50,470",,38 ,,"50,183",,249,,"3,967",3,"345,742","27,179","12,721,036 ",Africa,"252334,76437",,,20,
150,Seychelles,"49,380",,171 ,,"48,626",,583,,"494,923","1,714",,,"99,773 ",Africa,2583,,,"5,843",
151,Gabon,"48,945",,306 ,,"48,392",,247,,"20,838",130,"1,619,864","689,646","2,348,834 ",Africa,"487,6761",,,105,
152,Andorra,"46,588",,155 ,,"46,319",,114,14,"600,717","1,999","249,838","3,221,471","77,554 ",Europe,25000,,,"1,470",
153,Papua New Guinea,"45,550",,668 ,,"43,982",,900,7,"4,875",71,"249,149","26,663","9,344,229 ",Australia/Oceania,"20513,98838",,,96,
154,Curaçao,"45,489",,293 ,,"44,720",,476,3,"274,584","1,769","496,693","2,998,177","165,665 ",North America,45650,,,"2,873",
155,Aruba,"43,334",,232 ,,"42,438",,664,2,"401,881","2,152","177,885","1,649,711","107,828 ",North America,24651,,,"6,158",
156,Mauritius,"40,718",,"1,031 ",,"39,006",,681,,"31,893",808,"358,675","280,937","1,276,710 ",Africa,"311,2384",,,533,
157,Mayotte,"40,339",,187 ,,N/A,N/A,N/A,,"139,947",649,"176,919","613,782","288,244 ",Africa,"71,5412",,,"129,016",
158,Tanzania,"40,054",,845 ,,N/A,N/A,N/A,7,629,13,,,"63,722,900 ",Africa,"1,59175,412",,,612,
159,Togo,"39,311",,290 ,,"39,006",,15,,"4,501",33,"798,639","91,445","8,733,519 ",Africa,"22230,11611",,,2,
160,Guinea,"38,047",,456 ,,"37,118",,473,8,"2,724",33,"660,107","47,259","13,967,851 ",Africa,"36730,63121",,,34,
161,Isle of Man,"38,008",,116 ,,N/A,N/A,N/A,,"441,507","1,347","150,753","1,751,170","86,087 ",Europe,27421,,,"128,916",
162,Bahamas,"37,386",,833 ,,"36,270",,283,2,"92,989","2,072","256,731","638,560","402,047 ",North America,114832,,,704,
163,Faeroe Islands,"34,658",,28 ,,N/A,N/A,N/A,5,"703,031",568,"778,000","15,781,573","49,298 ",Europe,"11,7610",,,"546,412",
164,Lesotho,"34,490",,706 ,,"25,980",,"7,804",,"15,806",324,"431,221","197,624","2,182,033 ",Africa,"633,0915",,,"3,576",
165,Haiti,"33,828",,860 ,,"32,729",,239,,"2,884",73,"132,422","11,291","11,728,232 ",North America,"34713,63789",,,20,
166,Mali,"32,738",,742 ,,"31,912",,84,,"1,514",34,"771,560","35,690","21,618,243 ",Africa,"66029,13528",,,4,
167,Cayman Islands,"31,096",,35 ,,"8,553",,"22,508",1,"460,477",518,"222,773","3,298,875","67,530 ",North America,"21,9290",,,"333,304",
168,Saint Lucia,"29,550",,404 ,,"29,095",,51,,"159,219","2,177","210,983","1,136,805","185,593 ",North America,64591,,,275,
169,Benin,"27,782",,163 ,,"27,464",,155,5,"2,159",13,"604,310","46,964","12,867,555 ",Africa,"46378,94221",,,12,
170,Somalia,"27,243",,"1,361 ",,"13,182",,"12,700",,"1,609",80,"400,466","23,650","16,932,685 ",Africa,"62212,44142",,,750,
171,Congo,"24,837",,386  ,,"24,006",,445,,"4,255",66,"347,815","59,594","5,836,457 ",Africa,"23515,12017",,,76,
172,Timor-Leste,"23,303",,138 ,,"23,102",,63,,"16,919",100,"278,529","202,229","1,377,298 ",Asia,"599,9805",,,46,
173,Micronesia,"22,203",,55 ,,N/A,N/A,N/A,1,"188,404",467,"21,923","186,028","117,848 ",Australia/Oceania,"52,1435",,,"186,461",
174,San Marino,"21,662",,119 ,,"21,434",,109,4,"635,287","3,490","157,634","4,622,969","34,098 ",Europe,22870,,,"3,197",
175,Burkina Faso,"21,631",,387 ,,"21,143",,101,,972,17,"248,995","11,192","22,246,950 ",Africa,"1,02857,48689",,,5,
176,Solomon Islands,"21,544",,153 ,,"16,357",,"5,034",1,"29,660",211,"5,117","7,045","726,367 ",Australia/Oceania,"344,747142",,,"6,930",
177,Liechtenstein,"20,687",,87 ,,"20,505",,95,,"538,949","2,267","102,174","2,661,890","38,384 ",Europe,24410,,,"2,475",
178,Gibraltar,"20,121",,108 ,,"16,579",,"3,434",,"597,648","3,208","534,283","15,869,635","33,667 ",Europe,23120,,,"101,999",
179,Grenada,"19,604",,237 ,,"19,348",,19,4,"172,352","2,084","182,667","1,605,948","113,744 ",North America,64801,,,167,
180,Nicaragua,"18,491",,225 ,,"4,225",,"14,041",,"2,716",33,,,"6,809,229 ",North America,"36830,263",,,"2,062",
181,Bermuda,"18,428",,149 ,,"18,244",,35,,"298,482","2,413","1,017,514","16,480,895","61,739 ",North America,34140,,,567,
182,South Sudan,"18,318",,138 ,,"18,115",,65,1,"1,593",12,"410,280","35,673","11,501,225 ",Africa,"62883,34228",,,6,
183,Tajikistan,"17,786",,125 ,,"17,264",,397,,"1,772",12,,,"10,039,757 ",Asia,"56480,318",,,40,
184,Equatorial Guinea,"17,174",,183 ,,"16,843",,148,5,"11,366",121,"365,697","242,014","1,511,058 ",Africa,"888,2574",,,98,
185,Tonga,"16,182",,12 ,,"15,638",,532,,"149,140",111,"535,009","4,930,868","108,502 ",Australia/Oceania,"79,0420",,,"4,903",
186,Samoa,"15,946",,29 ,,"1,605",,"14,312",4,"79,136",144,"187,397","930,001","201,502 ",Australia/Oceania,"136,9481",,,"71,027",
187,Dominica,"15,760",,74 ,,"15,673",,13,,"217,665","1,022","229,344","3,167,516","72,405 ",North America,59780,,,180,
188,Djibouti,"15,690",,189 ,,"15,427",,74,,"15,357",185,"305,941","299,452","1,021,668 ",Africa,"655,4063",,,72,
189,Marshall Islands,"15,389",,17 ,,"15,358",,14,22,"255,946",283,,,"60,126 ",Australia/Oceania,"43,537",,,233,
190,CAR,"15,260",,113 ,,"14,615",,532,2,"3,036",22,"81,294","16,173","5,026,563 ",Africa,"32944,48362",,,106,
191,Monaco,"15,005",,63 ,,"14,902",,40,4,"376,122","1,579","78,646","1,971,374","39,894 ",Europe,36331,,,"1,003",
192,Gambia,"12,580",,372 ,,"12,174",,34,,"4,884",144,"155,686","60,441","2,575,829 ",Africa,"2056,92417",,,13,
193,Saint Martin,"12,026",,63 ,,"1,399",,"10,564",7,"299,072","1,567","112,382","2,794,807","40,211 ",North America,36380,,,"262,714",
194,Greenland,"11,971",,21 ,,"2,761",,"9,189",4,"210,014",368,"164,926","2,893,388","57,001 ",North America,"52,7140",,,"161,208",
195,Vanuatu,"11,952",,14 ,,"11,937",,1,,"36,893",43,"24,976","77,094","323,968 ",Australia/Oceania,"2723,14113",,,3,
196,Yemen,"11,945",,"2,159 ",,"9,124",,662,23,381,69,"329,592","10,508","31,365,629 ",Asia,"2,62614,52895",,,21,
197,Caribbean Netherlands,"11,340",,36 ,,"10,476",,828,,"423,229","1,344","30,126","1,124,356","26,794 ",North America,27441,,,"30,902",
198,Sint Maarten,"10,931",,89 ,,"10,833",,9,,"248,342","2,022","62,056","1,409,851","44,016 ",North America,44951,,,204,
199,Eritrea,"10,189",,103 ,,"10,085",,1,,"2,783",28,"23,693","6,471","3,661,437 ",Africa,"35935,548155",,,0.3,
200,Niger,"9,931",,312 ,,"8,890",,729,1,378,12,"254,538","9,692","26,261,408 ",Africa,"2,64484,171103",,,28,
201,Antigua and Barbuda,"9,106",,146 ,,"8,954",,6,1,"91,216","1,463","18,901","189,334","99,829 ",North America,116845,,,60,
202,Guinea-Bissau,"8,848",,176 ,,"8,642",,30,6,"4,260",85,"145,231","69,923","2,077,027 ",Africa,"23511,80114",,,14,
203,Comoros,"8,762",,161 ,,"8,421",,180,,"9,597",176,,,"913,018 ",Africa,"1045,671",,,197,
204,Liberia,"7,996",,294 ,,"7,694",,8,2,"1,498",55,"139,824","26,202","5,336,316 ",Africa,"66718,15138",,,1,
205,Sierra Leone,"7,754",,126 ,,N/A,N/A,N/A,,928,15,"259,958","31,106","8,357,182 ",Africa,"1,07866,32732",,,328,
206,Chad,"7,627",,194 ,,"4,874",,"2,559",,435,11,"191,341","10,915","17,530,833 ",Africa,"2,29990,36592",,,146,
207,British Virgin Islands,"7,305",,64 ,,N/A,N/A,N/A,,"237,932","2,085","107,339","3,496,157","30,702 ",North America,44800,,,391,
208,St. Vincent Grenadines,"7,112",,115 ,,"6,641",,356,,"63,634","1,029","100,856","902,393","111,765 ",North America,169721,,,"3,185",
209,Saint Kitts and Nevis,"6,548",,46 ,,"6,482",,20,,"121,080",851,"124,861","2,308,820","54,080 ",North America,"81,1760",,,370,
210,Turks and Caicos,"6,431",,36 ,,"6,364",,31,4,"161,000",901,"550,203","13,774,359","39,944 ",North America,"61,1100",,,776,
211,Cook Islands,"6,389",,1 ,,"6,384",,4,,"362,970",57,"19,690","1,118,623","17,602 ",Australia/Oceania,"317,6021",,,227,
212,Sao Tome and Principe,"6,270",,77 ,,"6,189",,4,,"27,416",337,"29,036","126,963","228,697 ",Africa,"362,9708",,,17,
213,Palau,"5,513",,7 ,,"5,499",,7,1,"301,323",383,"65,638","3,587,560","18,296 ",Australia/Oceania,"32,6140",,,383,
214,St. Barth,"5,323",,6 ,,N/A,N/A,N/A,,"535,082",603,"78,646","7,905,710","9,948 ",North America,"21,6580",,,"488,038",
215,Nauru,"4,611",,1 ,,"4,605",,5,,"419,792",91,"20,509","1,867,170","10,984 ",Australia/Oceania,"210,9841",,,455,
216,Anguilla,"3,866",,12 ,,"3,849",,5,4,"252,399",783,"51,382","3,354,573","15,317 ",North America,"41,2760",,,326,
217,Kiribati,"3,430",,13 ,,"2,703",,714,3,"27,719",105,,,"123,744 ",Australia/Oceania,"369,519",,,"5,770",
218,Saint Pierre Miquelon,"3,231",,1 ,,"2,449",,781,1,"564,071",175,"25,120","4,385,475","5,728 ",North America,"25,7280",,,"136,348",
219,Falkland Islands,"1,930",, ,,"1,930",,0,,"519,096",,"8,632","2,321,678","3,718 ",South America,20,,,,
220,Saint Helena,"1,800",, ,,2,,"1,798",,"294,166",,,,"6,119 ",Africa,3,,,"293,839",
221,Montserrat,"1,403",,8 ,,"1,376",,19,,"280,656","1,600","17,762","3,553,111","4,999 ",North America,46250,,,"3,801",
222,Macao,795,,6 ,,787,,2,,"1,186",9,"7,850","11,715","670,077 ",Asia,"843111,68085",,,3,
223,Wallis and Futuna,761,,7 ,,438,,316,,"70,600",649,"20,508","1,902,588","10,779 ",Australia/Oceania,"141,5401",,,"29,316",
224,Diamond Princess,712,,13 ,,699,,0,,,,,, ,,,,,,
225,Niue,85,, ,,85,,0,,"51,453",,,,"1,652 ",Australia/Oceania,19,,,,
226,Vatican City,29,, ,,29,,0,,"35,980",,,,806 ,Europe,28,,,,
227,Tuvalu,23,, ,,,,23,,"1,896",,,,"12,133 ",Australia/Oceania,528,,,"1,896",
228,Western Sahara,10,,1 ,,9,,0,,16,2,,,"631,764 ",Africa,"63,176631,764",,,,
229,MS Zaandam,9,,2 ,,7,,0,,,,,, ,,,,,,
230,China,"264,123",+569,"5,226 ",,"252,280",+276,"6,617",29,184,4,"160,000,000","111,163","1,439,323,776 ",Asia,"5,449275,4169",0.4,,5,
